,region,article_name,population,rel_proportion
1,OCEANIA,63,2938323000.0,2.1440801436737893e-06
2,EUROPE,350,19633000000.0,1.7827127795038965e-06
3,LATIN AMERICA AND THE CARIBBEAN,76,4868711000.0,1.5609881136916938e-06
4,NORTHERN AMERICA,104,27306800000.0,3.808575153441634e-07
5,ASIA,316,91253850000.0,3.4628675940795924e-07
