,region,article_name,population,rel_proportion
1,EUROPE,15776,82000000.0,0.019239024390243904
2,AFRICA,6844,98000000.0,0.006983673469387755
3,OCEANIA,3127,106000000.0,0.00295
4,LATIN AMERICA AND THE CARIBBEAN,5273,419000000.0,0.001258472553699284
5,NORTHERN AMERICA,1910,329878000.00000006,0.0005790019340483451
